{"cameraMode":{"drawMode":0,"name":"Shaded","section":"Shading Mode"},"sceneLighting":true,"audioPlay":false,"sceneViewState":{"m_AlwaysRefresh":false,"showFog":true,"showSkybox":true,"showFlares":true,"showImageEffects":true,"showParticleSystems":true,"showVisualEffectGraphs":true,"m_FxEnabled":true},"in2DMode":false,"pivot":{"x":0.9091910123825073,"y":-0.7767007350921631,"z":0.19366508722305299},"rotation":{"x":-0.4154435992240906,"y":-0.5784915089607239,"z":0.43821823596954348,"w":-0.5483976602554321},"size":1.9180703163146973,"orthographic":false}